{
	"credit": "Made with Blockbench",
	"textures": {
		"texture": "guis/menu-warp"
	},
	"elements": [ 	 
		{
			"from": [ -16, -16, 16 ],
			"to": [ 32, 32, 16.0625 ],
			"faces": {
				"north": { "uv": [ 16, 16, 0, 0 ], "texture": "#texture", "rotation": 180 },
				"south": { "uv": [ 0, 0, 16, 16 ], "texture": "#texture" }
			}
		}
	],
	"display": {
		"firstperson_lefthand": {
			"scale":  [ 0.0001, 0.0001, 0.0001 ]
		},
		"gui": {
			"translation":  [ -72, 72, -80 ],
			"scale":  [ 3.66, 3.66, 3.66 ]
		}
	}
}