{
    "textures": {
        "t": "guis/school"
    },
    "elements": [      
        {
            "from": [ -16, -16, 8 ],
            "to": [ 32, 32, 8.001 ],
            "faces": {
                "down": { "uv": [ 0, 0, 16, 16 ], "texture": "#t" },
                "up": { "uv": [ 0, 0, 16, 16 ], "texture": "#t" },
                "north": { "uv": [ 0, 1.5, 16, 14.5 ], "texture": "#t" },
                "south": { "uv": [ 0, 0, 16, 16 ], "texture": "#t" },
                "west": { "uv": [ 0, 0, 16, 16 ], "texture": "#t" },
                "east": { "uv": [ 0, 0, 16, 16 ], "texture": "#t" }
            }
        }
    ],
    "display": {
        "gui": {
            "translation":  [ 72, 54, -15 ],
            "scale":  [ 4, 4, 1 ]
        }
    }
}