{
	"credit": "Made with Blockbench",
	"textures": {
		"0": "block/1",
		"2": "item/gaebokchi",
		"particle": "block/1"
	},
	"elements": [
		{
			"from": [3, 13, 2],
			"to": [15, 21, 22],
			"rotation": {"angle": 0, "axis": "y", "origin": [17, 15, 17]},
			"faces": {
				"north": {"uv": [7, 0.25, 8.5, 2.25], "texture": "#2"},
				"east": {"uv": [0, 2, 3, 4], "texture": "#2"},
				"south": {"uv": [7, 0.25, 8.5, 2.25], "texture": "#2"},
				"west": {"uv": [0, 0, 3, 2], "texture": "#2"},
				"up": {"uv": [3, 3, 5.25, 6.25], "texture": "#2"},
				"down": {"uv": [3, 1, 5, 2.25], "texture": "#2"}
			}
		},
		{
			"from": [3, 11, 4],
			"to": [15, 13, 20],
			"rotation": {"angle": 0, "axis": "y", "origin": [17, 15, 17]},
			"faces": {
				"north": {"uv": [7, 0.25, 8.5, 2.25], "texture": "#2"},
				"east": {"uv": [0, 2, 3, 4], "texture": "#2"},
				"south": {"uv": [7, 0.25, 8.5, 2.25], "texture": "#2"},
				"west": {"uv": [0, 0, 3, 2], "texture": "#2"},
				"up": {"uv": [3, 3, 5.25, 6.25], "texture": "#2"},
				"down": {"uv": [3, 1, 5, 2.25], "texture": "#2"}
			}
		},
		{
			"from": [3, 9, 6],
			"to": [15, 11, 18],
			"rotation": {"angle": 0, "axis": "y", "origin": [17, 13, 17]},
			"faces": {
				"north": {"uv": [3.5, 0.5, 4.75, 2.5], "texture": "#2"},
				"east": {"uv": [0, 2, 3, 4], "texture": "#2"},
				"south": {"uv": [7, 0.25, 8.5, 2.25], "texture": "#2"},
				"west": {"uv": [3.5, 0.5, 4.75, 2.5], "texture": "#2"},
				"up": {"uv": [3, 3, 5.25, 6.25], "texture": "#2"},
				"down": {"uv": [3, 1, 5, 2.25], "texture": "#2"}
			}
		},
		{
			"from": [3, 21, 4],
			"to": [15, 23, 20],
			"rotation": {"angle": 0, "axis": "y", "origin": [17, 15, 17]},
			"faces": {
				"north": {"uv": [7, 0.25, 8.5, 2.25], "texture": "#2"},
				"east": {"uv": [0, 2, 3, 4], "texture": "#2"},
				"south": {"uv": [7, 0.25, 8.5, 2.25], "texture": "#2"},
				"west": {"uv": [0, 0, 3, 2], "texture": "#2"},
				"up": {"uv": [3, 3, 5.25, 6.25], "texture": "#2"},
				"down": {"uv": [3, 1, 5, 2.25], "texture": "#2"}
			}
		},
		{
			"from": [3, 23, 6],
			"to": [15, 25, 18],
			"rotation": {"angle": 0, "axis": "y", "origin": [17, 17, 17]},
			"faces": {
				"north": {"uv": [7, 0.25, 8.5, 2.25], "texture": "#2"},
				"east": {"uv": [0, 2, 3, 4], "texture": "#2"},
				"south": {"uv": [7, 0.25, 8.5, 2.25], "texture": "#2"},
				"west": {"uv": [0, 0, 3, 2], "texture": "#2"},
				"up": {"uv": [3, 3, 5.25, 6.25], "texture": "#2"},
				"down": {"uv": [3, 1, 5, 2.25], "texture": "#2"}
			}
		},
		{
			"from": [7, 25, 7],
			"to": [11, 31, 8],
			"rotation": {"angle": 0, "axis": "y", "origin": [17, 16, 17]},
			"faces": {
				"north": {"uv": [3.5, 0.5, 4.75, 2.5], "texture": "#2"},
				"east": {"uv": [0, 2, 3, 4], "texture": "#2"},
				"south": {"uv": [7, 0.25, 8.5, 2.25], "texture": "#2"},
				"west": {"uv": [0, 0, 3, 2], "texture": "#2"},
				"up": {"uv": [3, 3, 5.25, 6.25], "texture": "#2"},
				"down": {"uv": [3, 1, 5, 2.25], "texture": "#2"}
			}
		},
		{
			"from": [7, 3, 7],
			"to": [11, 9, 8],
			"rotation": {"angle": 0, "axis": "y", "origin": [17, -6, 17]},
			"faces": {
				"north": {"uv": [3.5, 0.5, 4.75, 2.5], "texture": "#2"},
				"east": {"uv": [0, 2, 3, 4], "texture": "#2"},
				"south": {"uv": [7, 0.25, 8.5, 2.25], "texture": "#2"},
				"west": {"uv": [0, 0, 3, 2], "texture": "#2"},
				"up": {"uv": [3, 3, 5.25, 6.25], "texture": "#2"},
				"down": {"uv": [3, 1, 5, 2.25], "texture": "#2"}
			}
		},
		{
			"from": [7, 25, 6],
			"to": [11, 29, 7],
			"rotation": {"angle": 0, "axis": "y", "origin": [17, 13, 16]},
			"faces": {
				"north": {"uv": [3.5, 0.5, 4.75, 2.5], "texture": "#2"},
				"east": {"uv": [0, 2, 3, 4], "texture": "#2"},
				"south": {"uv": [7, 0.25, 8.5, 2.25], "texture": "#2"},
				"west": {"uv": [0, 0, 3, 2], "texture": "#2"},
				"up": {"uv": [3, 3, 5.25, 6.25], "texture": "#2"},
				"down": {"uv": [3, 1, 5, 2.25], "texture": "#2"}
			}
		},
		{
			"from": [7, 5, 6],
			"to": [11, 9, 7],
			"rotation": {"angle": 0, "axis": "y", "origin": [17, -7, 16]},
			"faces": {
				"north": {"uv": [3.5, 0.5, 4.75, 2.5], "texture": "#2"},
				"east": {"uv": [0, 2, 3, 4], "texture": "#2"},
				"south": {"uv": [7, 0.25, 8.5, 2.25], "texture": "#2"},
				"west": {"uv": [0, 0, 3, 2], "texture": "#2"},
				"up": {"uv": [3, 3, 5.25, 6.25], "texture": "#2"},
				"down": {"uv": [3, 1, 5, 2.25], "texture": "#2"}
			}
		},
		{
			"from": [7, 25, 8],
			"to": [11, 30, 9],
			"rotation": {"angle": 0, "axis": "y", "origin": [17, 15, 18]},
			"faces": {
				"north": {"uv": [7, 0.25, 8.5, 2.25], "texture": "#2"},
				"east": {"uv": [0, 2, 3, 4], "texture": "#2"},
				"south": {"uv": [7, 0.25, 8.5, 2.25], "texture": "#2"},
				"west": {"uv": [0, 0, 3, 2], "texture": "#2"},
				"up": {"uv": [3, 3, 5.25, 6.25], "texture": "#2"},
				"down": {"uv": [3, 1, 5, 2.25], "texture": "#2"}
			}
		},
		{
			"from": [7, 4, 8],
			"to": [11, 9, 9],
			"rotation": {"angle": 0, "axis": "y", "origin": [17, -6, 18]},
			"faces": {
				"north": {"uv": [7, 0.25, 8.5, 2.25], "texture": "#2"},
				"east": {"uv": [0, 2, 3, 4], "texture": "#2"},
				"south": {"uv": [7, 0.25, 8.5, 2.25], "texture": "#2"},
				"west": {"uv": [0, 0, 3, 2], "texture": "#2"},
				"up": {"uv": [3, 3, 5.25, 6.25], "texture": "#2"},
				"down": {"uv": [3, 1, 5, 2.25], "texture": "#2"}
			}
		},
		{
			"from": [7, 25, 9],
			"to": [11, 29, 10],
			"rotation": {"angle": 0, "axis": "y", "origin": [17, 14, 19]},
			"faces": {
				"north": {"uv": [7, 0.25, 8.5, 2.25], "texture": "#2"},
				"east": {"uv": [0, 2, 3, 4], "texture": "#2"},
				"south": {"uv": [7, 0.25, 8.5, 2.25], "texture": "#2"},
				"west": {"uv": [0, 0, 3, 2], "texture": "#2"},
				"up": {"uv": [3, 3, 5.25, 6.25], "texture": "#2"},
				"down": {"uv": [3, 1, 5, 2.25], "texture": "#2"}
			}
		},
		{
			"from": [7, 5, 9],
			"to": [11, 9, 10],
			"rotation": {"angle": 0, "axis": "y", "origin": [17, -6, 19]},
			"faces": {
				"north": {"uv": [7, 0.25, 8.5, 2.25], "texture": "#2"},
				"east": {"uv": [0, 2, 3, 4], "texture": "#2"},
				"south": {"uv": [7, 0.25, 8.5, 2.25], "texture": "#2"},
				"west": {"uv": [0, 0, 3, 2], "texture": "#2"},
				"up": {"uv": [3, 3, 5.25, 6.25], "texture": "#2"},
				"down": {"uv": [3, 1, 5, 2.25], "texture": "#2"}
			}
		},
		{
			"from": [2.9, 14.5, 18],
			"to": [2.9, 19.5, 22],
			"rotation": {"angle": 0, "axis": "x", "origin": [10, 22, 22]},
			"faces": {
				"north": {"uv": [0, 0, 8, 5], "texture": "#missing"},
				"east": {"uv": [12.75, 0, 14.25, 1], "texture": "#2"},
				"south": {"uv": [0, 0, 2.25, 0.75], "texture": "#2"},
				"west": {"uv": [12.75, 0, 14.25, 1], "texture": "#2"},
				"up": {"uv": [8.75, 0, 10.5, 1.75], "texture": "#2"},
				"down": {"uv": [10, 2.75, 11.25, 3.75], "texture": "#2"}
			}
		},
		{
			"from": [15.1, 14.5, 17],
			"to": [15.1, 19.5, 22],
			"rotation": {"angle": 0, "axis": "x", "origin": [22, 22, 22]},
			"faces": {
				"north": {"uv": [0, 0, 8, 5], "texture": "#missing"},
				"east": {"uv": [12.75, 0, 14.25, 1], "texture": "#2"},
				"south": {"uv": [0, 0, 2.25, 0.75], "texture": "#2"},
				"west": {"uv": [12.75, 0, 14.25, 1], "texture": "#2"},
				"up": {"uv": [8.75, 0, 10.5, 1.75], "texture": "#2"},
				"down": {"uv": [10, 2.75, 11.25, 3.75], "texture": "#2"}
			}
		},
		{
			"from": [-11, 13.3, 13],
			"to": [-4, 16.3, 14],
			"rotation": {"angle": -45, "axis": "y", "origin": [-3, 22, 24]},
			"faces": {
				"north": {"uv": [0, 6.75, 2.75, 7.75], "texture": "#2"},
				"east": {"uv": [0, 0, 4, 1], "texture": "#0"},
				"south": {"uv": [0, 6.75, 2.75, 7.75], "texture": "#2"},
				"west": {"uv": [0, 6.75, 2.75, 7.75], "texture": "#2"},
				"up": {"uv": [0, 6.75, 2.75, 7.75], "texture": "#2"},
				"down": {"uv": [0, 6.75, 2.75, 7.75], "texture": "#2"}
			}
		},
		{
			"from": [16, 13.3, 1],
			"to": [17, 16.3, 8],
			"rotation": {"angle": -45, "axis": "y", "origin": [6, 22, 9]},
			"faces": {
				"north": {"uv": [0, 6.75, 2.75, 7.75], "texture": "#2"},
				"east": {"uv": [0, 6.75, 2.75, 7.75], "texture": "#2"},
				"south": {"uv": [0, 0, 4, 1], "texture": "#0"},
				"west": {"uv": [0, 6.75, 2.75, 7.75], "texture": "#2"},
				"up": {"uv": [0, 6.75, 2.75, 7.75], "rotation": 90, "texture": "#2"},
				"down": {"uv": [0, 6.75, 2.75, 7.75], "rotation": 270, "texture": "#2"}
			}
		}
	],
	"display": {
		"thirdperson_righthand": {
			"rotation": [-25, -74, -46],
			"translation": [0, -4.5, -4.25],
			"scale": [0.5, 0.5, 0.5]
		},
		"thirdperson_lefthand": {
			"rotation": [0, -90, 0],
			"translation": [2.75, 0, 0],
			"scale": [0.5, 0.5, 0.5]
		},
		"firstperson_righthand": {
			"rotation": [-9, -78, 0],
			"translation": [0.25, 0, 0],
			"scale": [0.5, 0.5, 0.5]
		},
		"firstperson_lefthand": {
			"rotation": [-5, -87, 0],
			"scale": [0.5, 0.5, 0.5]
		},
		"ground": {
			"scale": [0.5, 0.5, 0.5]
		},
		"gui": {
			"rotation": [0, -56, 0],
			"scale": [0.4, 0.4, 0.4]
		},
		"head": {
			"scale": [0.1, 0.1, 0.1]
		},
		"fixed": {
			"rotation": [0, 90, 0],
			"translation": [0, 0, -1.75],
			"scale": [0.5, 0.5, 0.5]
		}
	}
}