{
	"credit": "Made with Blockbench",
	"textures": {
		"2": "item/gaebokchi",
		"3": "item/brown",
		"particle": "block/1"
	},
	"elements": [
		{
			"from": [3, 14, 0],
			"to": [15, 16, 22],
			"rotation": {"angle": 0, "axis": "y", "origin": [17, 16, 17]},
			"faces": {
				"north": {"uv": [7, 0.25, 8.5, 2.25], "texture": "#2"},
				"east": {"uv": [0, 2, 3, 4], "texture": "#2"},
				"south": {"uv": [7, 0.25, 8.5, 2.25], "texture": "#2"},
				"west": {"uv": [0, 0, 3, 2], "texture": "#2"},
				"up": {"uv": [3, 3, 5.25, 6.25], "texture": "#3"},
				"down": {"uv": [3, 1, 5, 2.25], "texture": "#2"}
			}
		},
		{
			"from": [3, 13, 1],
			"to": [15, 14, 20],
			"rotation": {"angle": 0, "axis": "y", "origin": [17, 15, 17]},
			"faces": {
				"north": {"uv": [7, 0.25, 8.5, 2.25], "texture": "#2"},
				"east": {"uv": [0, 2, 3, 4], "texture": "#2"},
				"south": {"uv": [7, 0.25, 8.5, 2.25], "texture": "#2"},
				"west": {"uv": [0, 0, 3, 2], "texture": "#2"},
				"up": {"uv": [3, 3, 5.25, 6.25], "texture": "#2"},
				"down": {"uv": [3, 0, 5, 3], "texture": "#2"}
			}
		},
		{
			"from": [5, 15, 0],
			"to": [14, 17, 20],
			"rotation": {"angle": 0, "axis": "y", "origin": [17, 17, 17]},
			"faces": {
				"north": {"uv": [7, 0.25, 8.5, 2.25], "texture": "#2"},
				"east": {"uv": [0, 0, 3, 1.25], "texture": "#3"},
				"south": {"uv": [0, 0, 3, 1.25], "texture": "#3"},
				"west": {"uv": [0, 0, 3, 1.25], "texture": "#3"},
				"up": {"uv": [3, 3, 5.25, 6.25], "texture": "#3"},
				"down": {"uv": [3, 1, 5, 2.25], "texture": "#2"}
			}
		},
		{
			"from": [8, 17, 10],
			"to": [10, 19, 15],
			"rotation": {"angle": 0, "axis": "y", "origin": [20, 19, 17]},
			"faces": {
				"north": {"uv": [7, 0.25, 8.5, 2.25], "texture": "#3"},
				"east": {"uv": [0, 0, 3, 1.25], "texture": "#3"},
				"south": {"uv": [7, 0.25, 8.5, 2.25], "texture": "#3"},
				"west": {"uv": [0, 0, 3, 1.25], "texture": "#3"},
				"up": {"uv": [3, 3, 5.25, 6.25], "texture": "#3"},
				"down": {"uv": [3, 1, 5, 2.25], "texture": "#3"}
			}
		},
		{
			"from": [8, 17, 0],
			"to": [10, 19, 5],
			"rotation": {"angle": 0, "axis": "y", "origin": [20, 19, 7]},
			"faces": {
				"north": {"uv": [0, 0, 3, 1.25], "texture": "#3"},
				"east": {"uv": [0, 0, 3, 1.25], "texture": "#3"},
				"south": {"uv": [0, 0, 3, 1.25], "texture": "#3"},
				"west": {"uv": [0, 0, 3, 1.25], "texture": "#3"},
				"up": {"uv": [0, 0, 3, 1.25], "texture": "#3"},
				"down": {"uv": [3, 1, 5, 2.25], "texture": "#2"}
			}
		},
		{
			"from": [8, 18, 9],
			"to": [10, 20, 13],
			"rotation": {"angle": 0, "axis": "y", "origin": [20, 20, 17]},
			"faces": {
				"north": {"uv": [7, 0.25, 8.5, 2.25], "texture": "#3"},
				"east": {"uv": [0, 0, 3, 1.25], "texture": "#3"},
				"south": {"uv": [7, 0.25, 8.5, 2.25], "texture": "#3"},
				"west": {"uv": [0, 0, 3, 1.25], "texture": "#3"},
				"up": {"uv": [3, 3, 5.25, 6.25], "texture": "#3"},
				"down": {"uv": [3, 1, 5, 2.25], "texture": "#3"}
			}
		},
		{
			"from": [8, 18, -1],
			"to": [10, 20, 3],
			"rotation": {"angle": 0, "axis": "y", "origin": [20, 20, 7]},
			"faces": {
				"north": {"uv": [0, 0, 3, 1.25], "texture": "#3"},
				"east": {"uv": [0, 0, 3, 1.25], "texture": "#3"},
				"south": {"uv": [0, 0, 3, 1.25], "texture": "#3"},
				"west": {"uv": [0, 0, 3, 1.25], "texture": "#3"},
				"up": {"uv": [0, 0, 3, 1.25], "texture": "#3"},
				"down": {"uv": [3, 1, 5, 2.25], "texture": "#2"}
			}
		},
		{
			"from": [8, 19, 8],
			"to": [10, 21, 11],
			"rotation": {"angle": 0, "axis": "y", "origin": [20, 21, 17]},
			"faces": {
				"north": {"uv": [7, 0.25, 8.5, 2.25], "texture": "#3"},
				"east": {"uv": [0, 0, 3, 1.25], "texture": "#3"},
				"south": {"uv": [7, 0.25, 8.5, 2.25], "texture": "#3"},
				"west": {"uv": [0, 0, 3, 1.25], "texture": "#3"},
				"up": {"uv": [3, 3, 5.25, 6.25], "texture": "#3"},
				"down": {"uv": [3, 1, 5, 2.25], "texture": "#3"}
			}
		},
		{
			"from": [8, 19, -2],
			"to": [10, 21, 1],
			"rotation": {"angle": 0, "axis": "y", "origin": [20, 21, 7]},
			"faces": {
				"north": {"uv": [0, 0, 3, 1.25], "texture": "#3"},
				"east": {"uv": [0, 0, 3, 1.25], "texture": "#3"},
				"south": {"uv": [0, 0, 3, 1.25], "texture": "#3"},
				"west": {"uv": [0, 0, 3, 1.25], "texture": "#3"},
				"up": {"uv": [0, 0, 3, 1.25], "texture": "#3"},
				"down": {"uv": [3, 1, 5, 2.25], "texture": "#2"}
			}
		},
		{
			"from": [7, 14, -11],
			"to": [12, 16, 1],
			"rotation": {"angle": 22.5, "axis": "x", "origin": [17, 15, 1]},
			"faces": {
				"north": {"uv": [7, 0.25, 8.5, 2.25], "texture": "#2"},
				"east": {"uv": [0, 2, 3, 4], "texture": "#2"},
				"south": {"uv": [7, 0.25, 8.5, 2.25], "texture": "#2"},
				"west": {"uv": [0, 0, 3, 2], "texture": "#2"},
				"up": {"uv": [0, 0, 3, 1.25], "texture": "#3"},
				"down": {"uv": [3, 0, 5, 3], "texture": "#2"}
			}
		},
		{
			"from": [3, 20, -13],
			"to": [15, 22, -9],
			"rotation": {"angle": 22.5, "axis": "x", "origin": [19, 21, -14]},
			"faces": {
				"north": {"uv": [7, 0.25, 8.5, 2.25], "texture": "#2"},
				"east": {"uv": [0, 2, 3, 4], "texture": "#2"},
				"south": {"uv": [7, 0.25, 8.5, 2.25], "texture": "#2"},
				"west": {"uv": [0, 0, 3, 2], "texture": "#2"},
				"up": {"uv": [0, 0, 3, 1.25], "texture": "#3"},
				"down": {"uv": [3, 0, 5, 3], "texture": "#2"}
			}
		},
		{
			"from": [8, 14, 22],
			"to": [11, 15, 32],
			"rotation": {"angle": 0, "axis": "y", "origin": [21, 16, 27]},
			"faces": {
				"north": {"uv": [7, 0.25, 8.5, 2.25], "texture": "#2"},
				"east": {"uv": [0, 2, 3, 4], "texture": "#2"},
				"south": {"uv": [0, 0, 3, 1.25], "texture": "#3"},
				"west": {"uv": [0, 0, 3, 2], "texture": "#2"},
				"up": {"uv": [3, 3, 5.25, 6.25], "texture": "#3"},
				"down": {"uv": [3, 0, 5, 3], "texture": "#2"}
			}
		},
		{
			"from": [7, 14.2, 30],
			"to": [12, 14.7, 30.3],
			"rotation": {"angle": 0, "axis": "y", "origin": [21, 15, 25]},
			"faces": {
				"north": {"uv": [7, 0.25, 8.5, 2.25], "texture": "#3"},
				"east": {"uv": [0, 2, 3, 4], "texture": "#3"},
				"south": {"uv": [7, 0.25, 8.5, 2.25], "texture": "#3"},
				"west": {"uv": [0, 0, 3, 2], "texture": "#3"},
				"up": {"uv": [3, 3, 5.25, 6.25], "texture": "#3"},
				"down": {"uv": [3, 1, 5, 2.25], "texture": "#3"}
			}
		},
		{
			"from": [7, 14.2, 28],
			"to": [12, 14.7, 28.3],
			"rotation": {"angle": 0, "axis": "y", "origin": [21, 15, 23]},
			"faces": {
				"north": {"uv": [7, 0.25, 8.5, 2.25], "texture": "#3"},
				"east": {"uv": [0, 2, 3, 4], "texture": "#3"},
				"south": {"uv": [7, 0.25, 8.5, 2.25], "texture": "#3"},
				"west": {"uv": [0, 0, 3, 2], "texture": "#3"},
				"up": {"uv": [3, 3, 5.25, 6.25], "texture": "#3"},
				"down": {"uv": [3, 1, 5, 2.25], "texture": "#3"}
			}
		},
		{
			"from": [7, 14.2, 26],
			"to": [12, 14.7, 26.3],
			"rotation": {"angle": 0, "axis": "y", "origin": [21, 15, 21]},
			"faces": {
				"north": {"uv": [7, 0.25, 8.5, 2.25], "texture": "#3"},
				"east": {"uv": [0, 2, 3, 4], "texture": "#3"},
				"south": {"uv": [7, 0.25, 8.5, 2.25], "texture": "#3"},
				"west": {"uv": [0, 0, 3, 2], "texture": "#3"},
				"up": {"uv": [3, 3, 5.25, 6.25], "texture": "#3"},
				"down": {"uv": [3, 1, 5, 2.25], "texture": "#3"}
			}
		},
		{
			"from": [7, 14.2, 24],
			"to": [12, 14.7, 24.3],
			"rotation": {"angle": 0, "axis": "y", "origin": [21, 15, 19]},
			"faces": {
				"north": {"uv": [7, 0.25, 8.5, 2.25], "texture": "#3"},
				"east": {"uv": [0, 2, 3, 4], "texture": "#3"},
				"south": {"uv": [7, 0.25, 8.5, 2.25], "texture": "#3"},
				"west": {"uv": [0, 0, 3, 2], "texture": "#3"},
				"up": {"uv": [3, 3, 5.25, 6.25], "texture": "#3"},
				"down": {"uv": [3, 1, 5, 2.25], "texture": "#3"}
			}
		},
		{
			"from": [15, 14, 9],
			"to": [20, 16, 19],
			"rotation": {"angle": 0, "axis": "y", "origin": [23, 15, 15]},
			"faces": {
				"north": {"uv": [7, 0.25, 8.5, 2.25], "texture": "#2"},
				"east": {"uv": [0, 2, 3, 4], "texture": "#2"},
				"south": {"uv": [7, 0.25, 8.5, 2.25], "texture": "#2"},
				"west": {"uv": [0, 0, 3, 2], "texture": "#2"},
				"up": {"uv": [3, 3, 5.25, 6.25], "texture": "#3"},
				"down": {"uv": [3, 0, 5, 3], "texture": "#2"}
			}
		},
		{
			"from": [-2, 14, 9],
			"to": [3, 16, 19],
			"rotation": {"angle": 0, "axis": "y", "origin": [6, 15, 15]},
			"faces": {
				"north": {"uv": [7, 0.25, 8.5, 2.25], "texture": "#2"},
				"east": {"uv": [0, 2, 3, 4], "texture": "#2"},
				"south": {"uv": [7, 0.25, 8.5, 2.25], "texture": "#2"},
				"west": {"uv": [0, 0, 3, 2], "texture": "#2"},
				"up": {"uv": [3, 3, 5.25, 6.25], "texture": "#3"},
				"down": {"uv": [3, 0, 5, 3], "texture": "#2"}
			}
		},
		{
			"from": [20, 14, 10],
			"to": [21, 16, 18],
			"rotation": {"angle": 0, "axis": "y", "origin": [25, 15, 15]},
			"faces": {
				"north": {"uv": [7, 0.25, 8.5, 2.25], "texture": "#2"},
				"east": {"uv": [0, 2, 3, 4], "texture": "#2"},
				"south": {"uv": [7, 0.25, 8.5, 2.25], "texture": "#2"},
				"west": {"uv": [0, 0, 3, 2], "texture": "#2"},
				"up": {"uv": [0, 0, 3, 1.25], "texture": "#3"},
				"down": {"uv": [3, 0, 5, 3], "texture": "#2"}
			}
		},
		{
			"from": [-3, 14, 10],
			"to": [-2, 16, 18],
			"rotation": {"angle": 0, "axis": "y", "origin": [2, 15, 15]},
			"faces": {
				"north": {"uv": [7, 0.25, 8.5, 2.25], "texture": "#2"},
				"east": {"uv": [0, 2, 3, 4], "texture": "#2"},
				"south": {"uv": [7, 0.25, 8.5, 2.25], "texture": "#2"},
				"west": {"uv": [0, 0, 3, 2], "texture": "#2"},
				"up": {"uv": [0, 0, 3, 1.25], "texture": "#3"},
				"down": {"uv": [3, 0, 5, 3], "texture": "#2"}
			}
		},
		{
			"from": [21, 14, 11],
			"to": [22, 16, 16],
			"rotation": {"angle": 0, "axis": "y", "origin": [25, 15, 15]},
			"faces": {
				"north": {"uv": [7, 0.25, 8.5, 2.25], "texture": "#2"},
				"east": {"uv": [0, 2, 3, 4], "texture": "#2"},
				"south": {"uv": [7, 0.25, 8.5, 2.25], "texture": "#2"},
				"west": {"uv": [0, 0, 3, 2], "texture": "#2"},
				"up": {"uv": [0, 0, 3, 1.25], "texture": "#3"},
				"down": {"uv": [3, 0, 5, 3], "texture": "#2"}
			}
		},
		{
			"from": [-4, 14, 11],
			"to": [-3, 16, 16],
			"rotation": {"angle": 0, "axis": "y", "origin": [0, 15, 15]},
			"faces": {
				"north": {"uv": [7, 0.25, 8.5, 2.25], "texture": "#2"},
				"east": {"uv": [0, 2, 3, 4], "texture": "#2"},
				"south": {"uv": [7, 0.25, 8.5, 2.25], "texture": "#2"},
				"west": {"uv": [0, 0, 3, 2], "texture": "#2"},
				"up": {"uv": [0, 0, 3, 1.25], "texture": "#3"},
				"down": {"uv": [3, 1, 5, 2.25], "texture": "#2"}
			}
		},
		{
			"from": [15, 14, 19],
			"to": [18, 16, 21],
			"rotation": {"angle": 0, "axis": "y", "origin": [23, 15, 18]},
			"faces": {
				"north": {"uv": [7, 0.25, 8.5, 2.25], "texture": "#2"},
				"east": {"uv": [0, 2, 3, 4], "texture": "#2"},
				"south": {"uv": [7, 0.25, 8.5, 2.25], "texture": "#2"},
				"west": {"uv": [0, 0, 3, 2], "texture": "#2"},
				"up": {"uv": [0, 0, 3, 1.25], "texture": "#3"},
				"down": {"uv": [3, 0, 5, 3], "texture": "#2"}
			}
		},
		{
			"from": [0, 14, 19],
			"to": [3, 16, 21],
			"rotation": {"angle": 0, "axis": "y", "origin": [8, 15, 18]},
			"faces": {
				"north": {"uv": [7, 0.25, 8.5, 2.25], "texture": "#2"},
				"east": {"uv": [0, 2, 3, 4], "texture": "#2"},
				"south": {"uv": [7, 0.25, 8.5, 2.25], "texture": "#2"},
				"west": {"uv": [0, 0, 3, 2], "texture": "#2"},
				"up": {"uv": [0, 0, 3, 1.25], "texture": "#3"},
				"down": {"uv": [3, 1, 5, 2.25], "texture": "#2"}
			}
		},
		{
			"from": [15, 14, 0],
			"to": [17, 16, 9],
			"rotation": {"angle": 0, "axis": "y", "origin": [23, 15, 11]},
			"faces": {
				"north": {"uv": [7, 0.25, 8.5, 2.25], "texture": "#2"},
				"east": {"uv": [0, 2, 3, 4], "texture": "#2"},
				"south": {"uv": [7, 0.25, 8.5, 2.25], "texture": "#2"},
				"west": {"uv": [0, 0, 3, 2], "texture": "#2"},
				"up": {"uv": [3, 3, 5.25, 6.25], "texture": "#3"},
				"down": {"uv": [3, 0, 5, 3], "texture": "#2"}
			}
		},
		{
			"from": [1, 14, 0],
			"to": [3, 16, 9],
			"rotation": {"angle": 0, "axis": "y", "origin": [9, 15, 11]},
			"faces": {
				"north": {"uv": [7, 0.25, 8.5, 2.25], "texture": "#2"},
				"east": {"uv": [0, 2, 3, 4], "texture": "#2"},
				"south": {"uv": [7, 0.25, 8.5, 2.25], "texture": "#2"},
				"west": {"uv": [0, 0, 3, 2], "texture": "#2"},
				"up": {"uv": [3, 3, 5.25, 6.25], "texture": "#3"},
				"down": {"uv": [3, 0, 5, 3], "texture": "#2"}
			}
		},
		{
			"from": [17, 14, 4],
			"to": [18, 16, 9],
			"rotation": {"angle": 0, "axis": "y", "origin": [25, 15, 11]},
			"faces": {
				"north": {"uv": [7, 0.25, 8.5, 2.25], "texture": "#2"},
				"east": {"uv": [0, 2, 3, 4], "texture": "#2"},
				"south": {"uv": [7, 0.25, 8.5, 2.25], "texture": "#2"},
				"west": {"uv": [0, 0, 3, 2], "texture": "#2"},
				"up": {"uv": [3, 3, 5.25, 6.25], "texture": "#3"},
				"down": {"uv": [3, 0, 5, 3], "texture": "#2"}
			}
		},
		{
			"from": [6, 12.9, 17],
			"to": [8, 13, 18],
			"rotation": {"angle": 0, "axis": "y", "origin": [14, 17, 22]},
			"faces": {
				"north": {"uv": [13, 4.75, 16, 5.75], "texture": "#2"},
				"east": {"uv": [0, 0, 4, 1], "texture": "#missing"},
				"south": {"uv": [13, 4.75, 16, 5.75], "texture": "#2"},
				"west": {"uv": [13, 4.75, 16, 5.75], "texture": "#2"},
				"up": {"uv": [11.25, 0, 14.25, 1], "texture": "#2"},
				"down": {"uv": [12, 0.5, 12.5, 0.75], "texture": "#2"}
			}
		},
		{
			"from": [7, 12.9, 15],
			"to": [11, 13, 16],
			"rotation": {"angle": 0, "axis": "y", "origin": [14, 17, 20]},
			"faces": {
				"north": {"uv": [13, 4.75, 16, 5.75], "texture": "#2"},
				"east": {"uv": [13, 4.75, 16, 5.75], "texture": "#2"},
				"south": {"uv": [13, 4.75, 16, 5.75], "texture": "#2"},
				"west": {"uv": [13, 4.75, 16, 5.75], "texture": "#2"},
				"up": {"uv": [11.25, 0, 14.25, 1], "texture": "#2"},
				"down": {"uv": [10.75, 3, 11.25, 3.25], "texture": "#2"}
			}
		},
		{
			"from": [10, 12.9, 17],
			"to": [12, 13, 18],
			"rotation": {"angle": 0, "axis": "y", "origin": [18, 17, 22]},
			"faces": {
				"north": {"uv": [13, 4.75, 16, 5.75], "texture": "#2"},
				"east": {"uv": [13, 4.75, 16, 5.75], "texture": "#2"},
				"south": {"uv": [13, 4.75, 16, 5.75], "texture": "#2"},
				"west": {"uv": [13, 4.75, 16, 5.75], "texture": "#2"},
				"up": {"uv": [11.25, 0, 14.25, 1], "texture": "#2"},
				"down": {"uv": [13, 0.5, 13.5, 0.75], "texture": "#2"}
			}
		}
	],
	"display": {
		"thirdperson_righthand": {
			"rotation": [-25, -74, -54],
			"translation": [-2, -1.25, -2.25],
			"scale": [0.35, 0.35, 0.35]
		},
		"thirdperson_lefthand": {
			"rotation": [0, -90, 0],
			"translation": [2.75, 0, 0],
			"scale": [0.35, 0.35, 0.35]
		},
		"firstperson_righthand": {
			"rotation": [-25, -160, 0],
			"translation": [0.25, 0, 0],
			"scale": [0.5, 0.5, 0.5]
		},
		"firstperson_lefthand": {
			"rotation": [-5, -159, 0],
			"scale": [0.5, 0.5, 0.5]
		},
		"ground": {
			"scale": [0.5, 0.5, 0.5]
		},
		"gui": {
			"rotation": [0, -56, 0],
			"scale": [0.4, 0.4, 0.4]
		},
		"head": {
			"scale": [0.1, 0.1, 0.1]
		},
		"fixed": {
			"rotation": [0, 90, 0],
			"translation": [0, 0, -1.75],
			"scale": [0.5, 0.5, 0.5]
		}
	}
}