{
	"credit": "Made with Blockbench",
	"textures": {
		"2": "item/gltf_embedded_0",
		"3": "item/gaebokchi",
		"particle": "block/1"
	},
	"elements": [
		{
			"from": [10, 13, 1],
			"to": [14, 16, 18],
			"rotation": {"angle": 0, "axis": "y", "origin": [17, 16, 18]},
			"faces": {
				"north": {"uv": [7, 0.25, 8.5, 2.25], "texture": "#3"},
				"east": {"uv": [0, 2, 3, 4], "texture": "#3"},
				"south": {"uv": [7, 0.25, 8.5, 2.25], "texture": "#3"},
				"west": {"uv": [0, 2, 3, 4], "texture": "#3"},
				"up": {"uv": [3, 3, 5.25, 6.25], "texture": "#3"},
				"down": {"uv": [3, 1, 5, 2.25], "texture": "#3"}
			}
		},
		{
			"from": [10, 14, 18],
			"to": [14, 16, 21],
			"rotation": {"angle": 0, "axis": "y", "origin": [17, 16, 21]},
			"faces": {
				"north": {"uv": [7, 0.25, 8.5, 2.25], "texture": "#3"},
				"east": {"uv": [12.75, 0, 14.25, 1], "texture": "#3"},
				"south": {"uv": [7, 0.25, 8.5, 2.25], "texture": "#3"},
				"west": {"uv": [11.25, 0, 12.75, 1], "texture": "#3"},
				"up": {"uv": [3, 3, 5.25, 6.25], "texture": "#3"},
				"down": {"uv": [3, 1, 5, 2.25], "texture": "#3"}
			}
		},
		{
			"from": [10, 13, 18],
			"to": [14, 14, 21],
			"rotation": {"angle": 0, "axis": "y", "origin": [17, 15, 21]},
			"faces": {
				"north": {"uv": [7, 0.25, 8.5, 2.25], "texture": "#3"},
				"east": {"uv": [3.25, 0.75, 4.75, 1.75], "texture": "#3"},
				"south": {"uv": [7, 0.25, 8.5, 2.25], "texture": "#3"},
				"west": {"uv": [3.25, 0.75, 4.75, 1.75], "texture": "#3"},
				"up": {"uv": [3, 3, 5.25, 6.25], "texture": "#3"},
				"down": {"uv": [3, 1, 5, 2.25], "texture": "#3"}
			}
		},
		{
			"from": [14, 12.5, 15],
			"to": [15, 14.5, 19],
			"rotation": {"angle": -22.5, "axis": "y", "origin": [21, 15, 16]},
			"faces": {
				"north": {"uv": [0, 2, 3, 4], "texture": "#3"},
				"east": {"uv": [0, 2, 3, 4], "texture": "#3"},
				"south": {"uv": [7, 0.25, 8.5, 2.25], "texture": "#2"},
				"west": {"uv": [3, 3, 5.25, 6.25], "texture": "#2"},
				"up": {"uv": [0, 2, 3, 4], "texture": "#3"},
				"down": {"uv": [3, 1, 5, 2.25], "texture": "#2"}
			}
		},
		{
			"from": [8, 12.5, 10],
			"to": [9, 14.5, 14],
			"rotation": {"angle": 22.5, "axis": "y", "origin": [15, 15, 11]},
			"faces": {
				"north": {"uv": [3, 3, 5.25, 6.25], "texture": "#3"},
				"east": {"uv": [3, 3, 5.25, 6.25], "texture": "#3"},
				"south": {"uv": [7, 0.25, 8.5, 2.25], "texture": "#3"},
				"west": {"uv": [0, 2, 3, 4], "texture": "#3"},
				"up": {"uv": [3, 3, 5.25, 6.25], "texture": "#3"},
				"down": {"uv": [3, 1, 5, 2.25], "texture": "#3"}
			}
		},
		{
			"from": [10, 13, -4],
			"to": [14, 15, 1],
			"rotation": {"angle": 0, "axis": "y", "origin": [17, 16, 8]},
			"faces": {
				"north": {"uv": [3, 3, 5.25, 6.25], "texture": "#3"},
				"east": {"uv": [0, 2, 3, 4], "texture": "#3"},
				"south": {"uv": [7, 0.25, 8.5, 2.25], "texture": "#3"},
				"west": {"uv": [0, 2, 3, 4], "texture": "#3"},
				"up": {"uv": [3, 3, 5.25, 6.25], "texture": "#3"},
				"down": {"uv": [0, 2, 3, 4], "texture": "#3"}
			}
		},
		{
			"from": [10, 15, -4],
			"to": [14, 16, 1],
			"rotation": {"angle": 0, "axis": "y", "origin": [17, 17, 8]},
			"faces": {
				"north": {"uv": [3, 3, 5.25, 6.25], "texture": "#2"},
				"east": {"uv": [0, 2, 3, 4], "texture": "#2"},
				"south": {"uv": [7, 0.25, 8.5, 2.25], "texture": "#2"},
				"west": {"uv": [0, 2, 3, 4], "texture": "#2"},
				"up": {"uv": [3, 3, 5.25, 6.25], "texture": "#2"},
				"down": {"uv": [0, 2, 3, 4], "texture": "#2"}
			}
		},
		{
			"from": [10, 13.5, -9],
			"to": [14, 14.5, -4],
			"rotation": {"angle": 0, "axis": "y", "origin": [17, 16, 3]},
			"faces": {
				"north": {"uv": [0, 2, 3, 4], "texture": "#3"},
				"east": {"uv": [0, 2, 3, 4], "texture": "#3"},
				"south": {"uv": [7, 0.25, 8.5, 2.25], "texture": "#3"},
				"west": {"uv": [0, 2, 3, 4], "texture": "#3"},
				"up": {"uv": [3, 3, 5.25, 6.25], "texture": "#3"},
				"down": {"uv": [3, 1, 5, 2.25], "texture": "#3"}
			}
		},
		{
			"from": [10, 14.5, -9],
			"to": [14, 15.5, -4],
			"rotation": {"angle": 0, "axis": "y", "origin": [17, 17, 3]},
			"faces": {
				"north": {"uv": [0, 2, 3, 4], "texture": "#2"},
				"east": {"uv": [0, 2, 3, 4], "texture": "#2"},
				"south": {"uv": [7, 0.25, 8.5, 2.25], "texture": "#2"},
				"west": {"uv": [0, 2, 3, 4], "texture": "#2"},
				"up": {"uv": [0, 0, 3, 1.25], "texture": "#2"},
				"down": {"uv": [3, 1, 5, 2.25], "texture": "#2"}
			}
		},
		{
			"from": [11, 11, -11],
			"to": [13, 19, -10],
			"rotation": {"angle": 0, "axis": "y", "origin": [17, 12, 1]},
			"faces": {
				"north": {"uv": [0, 0, 3, 1.25], "texture": "#2"},
				"east": {"uv": [0, 0, 3, 1.25], "texture": "#2"},
				"south": {"uv": [7, 0.25, 8.5, 2.25], "texture": "#2"},
				"west": {"uv": [0, 0, 3, 1.25], "texture": "#2"},
				"up": {"uv": [3, 3, 5.25, 6.25], "texture": "#2"},
				"down": {"uv": [0, 2, 3, 4], "texture": "#2"}
			}
		},
		{
			"from": [11, 17, -12],
			"to": [13, 20, -11],
			"rotation": {"angle": 0, "axis": "y", "origin": [17, 12, 0]},
			"faces": {
				"north": {"uv": [0, 0, 3, 1.25], "texture": "#2"},
				"east": {"uv": [0, 0, 3, 1.25], "texture": "#2"},
				"south": {"uv": [7, 0.25, 8.5, 2.25], "texture": "#2"},
				"west": {"uv": [0, 0, 3, 1.25], "texture": "#2"},
				"up": {"uv": [3, 3, 5.25, 6.25], "texture": "#2"},
				"down": {"uv": [0, 2, 3, 4], "texture": "#2"}
			}
		},
		{
			"from": [11, 10, -12],
			"to": [13, 13, -11],
			"rotation": {"angle": 0, "axis": "y", "origin": [17, 7, 0]},
			"faces": {
				"north": {"uv": [0, 0, 3, 1.25], "texture": "#2"},
				"east": {"uv": [0, 0, 3, 1.25], "texture": "#2"},
				"south": {"uv": [7, 0.25, 8.5, 2.25], "texture": "#2"},
				"west": {"uv": [0, 0, 3, 1.25], "texture": "#2"},
				"up": {"uv": [3, 3, 5.25, 6.25], "texture": "#2"},
				"down": {"uv": [0, 2, 3, 4], "texture": "#2"}
			}
		},
		{
			"from": [11, 12, -10],
			"to": [13, 17, -9],
			"rotation": {"angle": 0, "axis": "y", "origin": [17, 12, 2]},
			"faces": {
				"north": {"uv": [0, 2, 3, 4], "texture": "#2"},
				"east": {"uv": [0, 0, 3, 1.25], "texture": "#2"},
				"south": {"uv": [7, 0.25, 8.5, 2.25], "texture": "#2"},
				"west": {"uv": [0, 0, 3, 1.25], "texture": "#2"},
				"up": {"uv": [3, 3, 5.25, 6.25], "texture": "#2"},
				"down": {"uv": [0, 2, 3, 4], "texture": "#2"}
			}
		},
		{
			"from": [11, 19.5, 18],
			"to": [13, 20.5, 20.5],
			"rotation": {"angle": -22.5, "axis": "x", "origin": [17, 22, 35]},
			"faces": {
				"north": {"uv": [7, 0.25, 8.5, 2.25], "texture": "#3"},
				"east": {"uv": [0, 2, 3, 4], "texture": "#3"},
				"south": {"uv": [7, 0.25, 8.5, 2.25], "texture": "#3"},
				"west": {"uv": [0, 0, 3, 2], "texture": "#3"},
				"up": {"uv": [10, 2.75, 11.25, 3.75], "texture": "#3"},
				"down": {"uv": [3, 1, 5, 2.25], "texture": "#3"}
			}
		},
		{
			"from": [11, 15, 21],
			"to": [13, 16, 23],
			"rotation": {"angle": 0, "axis": "y", "origin": [17, 16, 30]},
			"faces": {
				"north": {"uv": [7, 0.25, 8.5, 2.25], "texture": "#3"},
				"east": {"uv": [0, 2, 3, 4], "texture": "#3"},
				"south": {"uv": [7, 0.25, 8.5, 2.25], "texture": "#3"},
				"west": {"uv": [0, 0, 3, 2], "texture": "#3"},
				"up": {"uv": [3, 3, 5.25, 6.25], "texture": "#3"},
				"down": {"uv": [3, 1, 5, 2.25], "texture": "#3"}
			}
		},
		{
			"from": [10, 12, 1],
			"to": [14, 13, 20],
			"rotation": {"angle": 0, "axis": "y", "origin": [17, 14, 17]},
			"faces": {
				"north": {"uv": [7, 0.25, 8.5, 2.25], "texture": "#3"},
				"east": {"uv": [0, 2, 3, 4], "texture": "#3"},
				"south": {"uv": [7, 0.25, 8.5, 2.25], "texture": "#3"},
				"west": {"uv": [0, 0, 3, 2], "texture": "#3"},
				"up": {"uv": [3, 3, 5.25, 6.25], "texture": "#3"},
				"down": {"uv": [3, 1, 5, 2.25], "texture": "#3"}
			}
		},
		{
			"from": [10, 16, 1],
			"to": [14, 17, 21],
			"rotation": {"angle": 0, "axis": "y", "origin": [17, 17, 18]},
			"faces": {
				"north": {"uv": [3, 3, 5.25, 6.25], "texture": "#2"},
				"east": {"uv": [0, 0, 3, 1.25], "texture": "#2"},
				"south": {"uv": [0, 0, 3, 1.25], "texture": "#2"},
				"west": {"uv": [0, 0, 3, 1.25], "texture": "#2"},
				"up": {"uv": [3, 3, 5.25, 6.25], "texture": "#2"},
				"down": {"uv": [3, 1, 5, 2.25], "texture": "#2"}
			}
		},
		{
			"from": [11, 16, 2],
			"to": [13, 18, 20],
			"rotation": {"angle": 0, "axis": "y", "origin": [17, 18, 18]},
			"faces": {
				"north": {"uv": [3, 3, 5.25, 6.25], "texture": "#2"},
				"east": {"uv": [0, 0, 3, 1.25], "texture": "#2"},
				"south": {"uv": [0, 0, 3, 1.25], "texture": "#2"},
				"west": {"uv": [0, 0, 3, 1.25], "texture": "#2"},
				"up": {"uv": [3, 3, 5.25, 6.25], "texture": "#2"},
				"down": {"uv": [3, 1, 5, 2.25], "texture": "#2"}
			}
		},
		{
			"from": [11, 18, 14],
			"to": [13, 20, 18],
			"rotation": {"angle": -22.5, "axis": "x", "origin": [17, 14, 18]},
			"faces": {
				"north": {"uv": [3, 1, 5, 2.25], "rotation": 180, "texture": "#2"},
				"east": {"uv": [0, 0, 3, 1.25], "texture": "#2"},
				"south": {"uv": [3, 3, 5.25, 6.25], "texture": "#2"},
				"west": {"uv": [0, 0, 3, 1.25], "rotation": 90, "texture": "#2"},
				"up": {"uv": [3, 3, 5.25, 6.25], "rotation": 180, "texture": "#2"},
				"down": {"uv": [0, 0, 3, 1.25], "texture": "#2"}
			}
		},
		{
			"from": [11, 18, 9],
			"to": [13, 22, 11],
			"rotation": {"angle": -22.5, "axis": "x", "origin": [17, 14, 13]},
			"faces": {
				"north": {"uv": [3, 1, 5, 2.25], "rotation": 180, "texture": "#2"},
				"east": {"uv": [0, 0, 3, 1.25], "texture": "#2"},
				"south": {"uv": [3, 3, 5.25, 6.25], "texture": "#2"},
				"west": {"uv": [0, 0, 3, 1.25], "rotation": 90, "texture": "#2"},
				"up": {"uv": [3, 3, 5.25, 6.25], "rotation": 180, "texture": "#2"},
				"down": {"uv": [0, 0, 3, 1.25], "texture": "#2"}
			}
		},
		{
			"from": [11, 22, 8],
			"to": [13, 23, 10],
			"rotation": {"angle": -22.5, "axis": "x", "origin": [17, 15, 13]},
			"faces": {
				"north": {"uv": [3, 1, 5, 2.25], "rotation": 180, "texture": "#2"},
				"east": {"uv": [0, 0, 3, 1.25], "rotation": 270, "texture": "#2"},
				"south": {"uv": [3, 3, 5.25, 6.25], "texture": "#2"},
				"west": {"uv": [0, 0, 3, 1.25], "rotation": 90, "texture": "#2"},
				"up": {"uv": [3, 3, 5.25, 6.25], "rotation": 180, "texture": "#2"},
				"down": {"uv": [0, 0, 3, 1.25], "texture": "#2"}
			}
		},
		{
			"from": [11, 18, 7],
			"to": [13, 20, 9],
			"rotation": {"angle": -22.5, "axis": "x", "origin": [17, 14, 11]},
			"faces": {
				"north": {"uv": [3, 1, 5, 2.25], "rotation": 180, "texture": "#2"},
				"east": {"uv": [0, 0, 3, 1.25], "texture": "#2"},
				"south": {"uv": [3, 3, 5.25, 6.25], "texture": "#2"},
				"west": {"uv": [0, 0, 3, 1.25], "rotation": 90, "texture": "#2"},
				"up": {"uv": [3, 3, 5.25, 6.25], "rotation": 180, "texture": "#2"},
				"down": {"uv": [0, 0, 3, 1.25], "texture": "#2"}
			}
		},
		{
			"from": [11, 11, 2],
			"to": [13, 12, 20],
			"rotation": {"angle": 0, "axis": "y", "origin": [17, 12, 18]},
			"faces": {
				"north": {"uv": [7, 0.25, 8.5, 2.25], "texture": "#3"},
				"east": {"uv": [0, 0, 3, 1.25], "texture": "#3"},
				"south": {"uv": [0, 0, 3, 1.25], "texture": "#3"},
				"west": {"uv": [0, 0, 3, 1.25], "texture": "#3"},
				"up": {"uv": [3, 3, 5.25, 6.25], "texture": "#3"},
				"down": {"uv": [3, 1, 5, 2.25], "texture": "#3"}
			}
		},
		{
			"from": [11, 10, 7],
			"to": [13, 11, 10],
			"rotation": {"angle": 0, "axis": "y", "origin": [17, 11, 18]},
			"faces": {
				"north": {"uv": [7, 0.25, 8.5, 2.25], "texture": "#3"},
				"east": {"uv": [0, 0, 3, 1.25], "texture": "#3"},
				"south": {"uv": [0, 0, 3, 1.25], "texture": "#3"},
				"west": {"uv": [0, 0, 3, 1.25], "texture": "#3"},
				"up": {"uv": [3, 3, 5.25, 6.25], "texture": "#3"},
				"down": {"uv": [3, 1, 5, 2.25], "texture": "#3"}
			}
		},
		{
			"from": [11, 9, 6],
			"to": [13, 10, 9],
			"rotation": {"angle": 0, "axis": "y", "origin": [17, 10, 17]},
			"faces": {
				"north": {"uv": [7, 0.25, 8.5, 2.25], "texture": "#3"},
				"east": {"uv": [0, 0, 3, 1.25], "texture": "#3"},
				"south": {"uv": [0, 0, 3, 1.25], "texture": "#3"},
				"west": {"uv": [0, 0, 3, 1.25], "texture": "#3"},
				"up": {"uv": [3, 3, 5.25, 6.25], "texture": "#3"},
				"down": {"uv": [3, 1, 5, 2.25], "texture": "#3"}
			}
		}
	],
	"display": {
		"thirdperson_righthand": {
			"rotation": [-25, -74, -54],
			"translation": [-2, -1.25, -2.25],
			"scale": [0.3, 0.3, 0.3]
		},
		"thirdperson_lefthand": {
			"rotation": [0, -90, 0],
			"translation": [0.75, -0.75, 2.5],
			"scale": [0.3, 0.3, 0.3]
		},
		"firstperson_righthand": {
			"rotation": [-25, -160, 0],
			"translation": [0.25, 0, 0],
			"scale": [0.3, 0.3, 0.3]
		},
		"firstperson_lefthand": {
			"rotation": [-5, -159, 0],
			"scale": [0.3, 0.3, 0.3]
		},
		"ground": {
			"scale": [0.5, 0.5, 0.5]
		},
		"gui": {
			"rotation": [0, -56, 0],
			"scale": [0.4, 0.4, 0.4]
		},
		"head": {
			"scale": [0.1, 0.1, 0.1]
		},
		"fixed": {
			"rotation": [0, 90, 0],
			"translation": [0, 0, -1.75],
			"scale": [0.5, 0.5, 0.5]
		}
	}
}