{
	"parent": "item/handheld",
	"textures": {
		"layer0": "item/iron_shovel2"
	},
	"overrides": [
		{ "predicate": {"damaged": 0, "damage": 0}, "model": "item/iron_shovel2"},
		{ "_cmd_": "give @p minecraft:iron_hoe 1 2 {Unbreakable:1}",   "predicate": {"damaged": 0, "damage": 0.004}, "model": "item/fish1"},
		{ "_cmd_": "give @p minecraft:iron_hoe 1 3 {Unbreakable:1}",   "predicate": {"damaged": 0, "damage": 0.008}, "model": "item/fish2"},
		{ "_cmd_": "give @p minecraft:iron_hoe 1 4 {Unbreakable:1}",   "predicate": {"damaged": 0, "damage": 0.012}, "model": "item/fish3"},
		{ "_cmd_": "give @p minecraft:iron_hoe 1 5 {Unbreakable:1}",   "predicate": {"damaged": 0, "damage": 0.016}, "model": "item/fish4"},
		{ "_cmd_": "give @p minecraft:iron_hoe 1 6 {Unbreakable:1}",   "predicate": {"damaged": 0, "damage": 0.020}, "model": "item/fish5"},
		{ "_cmd_": "give @p minecraft:iron_hoe 1 7 {Unbreakable:1}",   "predicate": {"damaged": 0, "damage": 0.024}, "model": "item/fish6"},
		{ "_cmd_": "give @p minecraft:iron_hoe 1 8 {Unbreakable:1}",   "predicate": {"damaged": 0, "damage": 0.028}, "model": "item/fish7"},
		{ "_cmd_": "give @p minecraft:iron_hoe 1 9 {Unbreakable:1}",   "predicate": {"damaged": 0, "damage": 0.032}, "model": "item/fish8"},
		{ "_cmd_": "give @p minecraft:iron_hoe 1 10 {Unbreakable:1}",   "predicate": {"damaged": 0, "damage": 0.036}, "model": "item/fish9"},
		{ "_cmd_": "give @p minecraft:iron_hoe 1 11 {Unbreakable:1}",   "predicate": {"damaged": 0, "damage": 0.040}, "model": "item/fish10"},
		{ "_cmd_": "give @p minecraft:iron_hoe 1 12 {Unbreakable:1}",   "predicate": {"damaged": 0, "damage": 0.044}, "model": "item/fish11"},
		{ "_cmd_": "give @p minecraft:iron_hoe 1 13 {Unbreakable:1}",   "predicate": {"damaged": 0, "damage": 0.048}, "model": "item/fish12"},
		{ "_cmd_": "give @p minecraft:iron_hoe 1 14 {Unbreakable:1}",   "predicate": {"damaged": 0, "damage": 0.052}, "model": "item/fish13"},
		{ "_cmd_": "give @p minecraft:iron_hoe 1 15 {Unbreakable:1}",   "predicate": {"damaged": 0, "damage": 0.056}, "model": "item/fish14"},
		{ "_cmd_": "give @p minecraft:iron_hoe 1 16 {Unbreakable:1}",   "predicate": {"damaged": 0, "damage": 0.060}, "model": "item/fish15"},
		{ "_cmd_": "give @p minecraft:iron_hoe 1 17 {Unbreakable:1}",   "predicate": {"damaged": 0, "damage": 0.064}, "model": "item/fish16"},
		{ "_cmd_": "give @p minecraft:iron_hoe 1 18 {Unbreakable:1}",   "predicate": {"damaged": 0, "damage": 0.068}, "model": "item/fish17"},
		{ "_cmd_": "give @p minecraft:iron_hoe 1 19 {Unbreakable:1}",   "predicate": {"damaged": 0, "damage": 0.072}, "model": "item/fish18"},
		{ "_cmd_": "give @p minecraft:iron_hoe 1 20 {Unbreakable:1}",   "predicate": {"damaged": 0, "damage": 0.076}, "model": "item/fish19"},
		{ "_cmd_": "give @p minecraft:iron_hoe 1 21 {Unbreakable:1}",   "predicate": {"damaged": 0, "damage": 0.080}, "model": "item/fish20"},
		{ "_cmd_": "give @p minecraft:iron_hoe 1 22 {Unbreakable:1}",   "predicate": {"damaged": 0, "damage": 0.084}, "model": "item/fish21"},
		{ "_cmd_": "give @p minecraft:iron_hoe 1 23 {Unbreakable:1}",   "predicate": {"damaged": 0, "damage": 0.088}, "model": "item/fish22"},
		{ "_cmd_": "give @p minecraft:iron_hoe 1 24 {Unbreakable:1}",   "predicate": {"damaged": 0, "damage": 0.092}, "model": "item/fish23"},
		{ "_cmd_": "give @p minecraft:iron_hoe 1 25 {Unbreakable:1}",   "predicate": {"damaged": 0, "damage": 0.096}, "model": "item/fish24"},
		{ "_cmd_": "give @p minecraft:iron_hoe 1 26 {Unbreakable:1}",   "predicate": {"damaged": 0, "damage": 0.100}, "model": "item/fish25"},
		{ "_cmd_": "give @p minecraft:iron_hoe 1 27 {Unbreakable:1}",   "predicate": {"damaged": 0, "damage": 0.104}, "model": "item/fish26"},
		{ "_cmd_": "give @p minecraft:iron_hoe 1 28 {Unbreakable:1}",   "predicate": {"damaged": 0, "damage": 0.108}, "model": "item/fish27"},
		{ "_cmd_": "give @p minecraft:iron_hoe 1 29 {Unbreakable:1}",   "predicate": {"damaged": 0, "damage": 0.112}, "model": "item/fish28"},
		{ "_cmd_": "give @p minecraft:iron_hoe 1 30 {Unbreakable:1}",   "predicate": {"damaged": 0, "damage": 0.116}, "model": "item/fish29"},
		{ "_cmd_": "give @p minecraft:iron_hoe 1 31 {Unbreakable:1}",   "predicate": {"damaged": 0, "damage": 0.120}, "model": "item/fish30"},
		{ "_cmd_": "give @p minecraft:iron_hoe 1 32 {Unbreakable:1}",   "predicate": {"damaged": 0, "damage": 0.124}, "model": "item/fish31"},
		{ "_cmd_": "give @p minecraft:iron_hoe 1 33 {Unbreakable:1}",   "predicate": {"damaged": 0, "damage": 0.126}, "model": "item/fish32"},
		{ "_cmd_": "give @p minecraft:iron_hoe 1 34 {Unbreakable:1}",   "predicate": {"damaged": 0, "damage": 0.130}, "model": "item/fish33"},
		{ "_cmd_": "give @p minecraft:iron_hoe 1 35 {Unbreakable:1}",   "predicate": {"damaged": 0, "damage": 0.134}, "model": "item/fish34"},
		{ "predicate": {"damaged": 0, "damage": 1}, "model": "item/iron_shovel2"}
	]
}